{"options":{"awareOfChrome":false,"check_for_updates":true,"comment":null,"compat_arrayleft":false,"compat_foreach":false,"compat_forvarin":false,"compat_metadata":false,"compat_uW_gmonkey":false,"compat_wrappedjsobject":false,"compatopts_for_requires":true,"noframes":null,"override":{"merge_connects":true,"merge_excludes":true,"merge_includes":true,"merge_matches":true,"orig_connects":[],"orig_excludes":["http*://hentaiverse.org/pages/showequip.php?*","http://alt.hentaiverse.org/pages/showequip.php?*"],"orig_includes":["http*://hentaiverse.org/*","http://alt.hentaiverse.org/*","https://e-hentai.org/*"],"orig_matches":[],"orig_noframes":null,"orig_run_at":"document-end","use_blockers":[],"use_connects":[],"use_excludes":[],"use_includes":[],"use_matches":[]},"run_at":null},"settings":{"enabled":true,"position":14},"meta":{"name":"[HV]AutoAttack","uuid":"75d4eb5a-2723-4595-a131-509f0676f58e","modified":1613444973693,"file_url":"https://github.com/dodying/UserJs/raw/master/HentaiVerse/hvAutoAttack/hvAutoAttack.user.js"}}