{"data":{"historyRecommend":"s[{\"title\":\"定点反推着陆可回收火箭项目（设计研发过程及首次发射测试）\",\"cover\":\"https://i0.hdslb.com/bfs/archive/b695f698e461b6cf41da0b02c60d301f7ab80d18.jpg\",\"uri\":\"bilibili://video/544401367\",\"param\":\"544401367\",\"goto\":\"av\",\"desc\":\"5844弹幕\",\"play\":1167717,\"danmaku\":5844,\"reply\":4048,\"favorite\":31447,\"coin\":125042,\"share\":6149,\"like\":115229,\"duration\":675,\"idx\":1615297883,\"cid\":305592203,\"tid\":122,\"tname\":\"野生技术协会\",\"tag\":{\"tag_id\":5152,\"tag_name\":\"机械\",\"count\":{\"atten\":256541}},\"dislike_reasons\":[{\"reason_id\":4,\"reason_name\":\"UP主:LShang001\"},{\"reason_id\":2,\"reason_name\":\"分区:野生技术协会\"},{\"reason_id\":3,\"reason_name\":\"标签:机械\"},{\"reason_id\":1,\"reason_name\":\"不感兴趣\"}],\"ctime\":1614778384,\"autoplay\":1,\"mid\":13765857,\"name\":\"LShang001\",\"face\":\"http://i2.hdslb.com/bfs/face/4bc59f57e6d31fcf868d7e935f643a043dd6b99f.jpg\",\"autoplay_card\":2},{\"title\":\"小老板能有什么烦恼呢？\",\"cover\":\"https://i0.hdslb.com/bfs/archive/df25cf195deca3436a93bdbb3d69e634fbb38924.jpg\",\"uri\":\"bilibili://video/289488447\",\"param\":\"289488447\",\"goto\":\"av\",\"desc\":\"312弹幕\",\"play\":735046,\"danmaku\":312,\"reply\":705,\"favorite\":2286,\"coin\":3780,\"share\":520,\"like\":82241,\"duration\":64,\"idx\":1615297882,\"cid\":306622566,\"tid\":218,\"tname\":\"喵星人\",\"tag\":{\"tag_id\":1562,\"tag_name\":\"喵星人\",\"count\":{\"atten\":625958}},\"dislike_reasons\":[{\"reason_id\":4,\"reason_name\":\"UP主:猫不理咖啡\"},{\"reason_id\":2,\"reason_name\":\"分区:喵星人\"},{\"reason_id\":3,\"reason_name\":\"标签:喵星人\"},{\"reason_id\":1,\"reason_name\":\"不感兴趣\"}],\"ctime\":1615004919,\"autoplay\":1,\"mid\":263090405,\"name\":\"猫不理咖啡\",\"face\":\"http://i1.hdslb.com/bfs/face/2f60f753ef27168acf7d2aa8c99033e663073142.jpg\",\"official\":{\"role\":1,\"title\":\"bilibili 知名萌宠UP主\"}},{\"title\":\"我租了一个厂房当工作室\",\"cover\":\"https://i0.hdslb.com/bfs/archive/17fd55d34e033b60f17e770d3d3da0e585a3b2dc.jpg\",\"uri\":\"bilibili://video/971993855\",\"param\":\"971993855\",\"goto\":\"av\",\"desc\":\"8819弹幕\",\"play\":2009363,\"danmaku\":8819,\"reply\":5242,\"favorite\":5893,\"coin\":27821,\"share\":1770,\"like\":184939,\"duration\":151,\"idx\":1615297881,\"cid\":306353805,\"tid\":21,\"tname\":\"日常\",\"tag\":{\"tag_id\":1057109,\"tag_name\":\"生活记录\",\"count\":{\"atten\":55005}},\"dislike_reasons\":[{\"reason_id\":4,\"reason_name\":\"UP主:手工耿\"},{\"reason_id\":2,\"reason_name\":\"分区:日常\"},{\"reason_id\":3,\"reason_name\":\"标签:生活记录\"},{\"reason_id\":1,\"reason_name\":\"不感兴趣\"}],\"ctime\":1614944726,\"autoplay\":1,\"mid\":280793434,\"name\":\"手工耿\",\"face\":\"http://i1.hdslb.com/bfs/face/b8a75ae7d2a0e2af1d36ca9f1084d850eebb28e3.jpg\",\"official\":{\"role\":1,\"title\":\"bilibili 2019百大UP主、知名搞笑UP主\"}},{\"title\":\"分享一下手工百大UP主的成长历程\",\"cover\":\"https://i2.hdslb.com/bfs/archive/192248fe191bba4e9974696ba96ee9f80a0319a6.jpg\",\"uri\":\"bilibili://video/757068247\",\"param\":\"757068247\",\"goto\":\"av\",\"desc\":\"787弹幕\",\"play\":56491,\"danmaku\":787,\"reply\":512,\"favorite\":1263,\"coin\":4114,\"share\":61,\"like\":15161,\"duration\":749,\"idx\":1615297880,\"cid\":308060477,\"tid\":21,\"tname\":\"日常\",\"tag\":{\"tag_id\":11265,\"tag_name\":\"手工\",\"count\":{\"atten\":664467}},\"dislike_reasons\":[{\"reason_id\":4,\"reason_name\":\"UP主:才疏学浅的才浅\"},{\"reason_id\":2,\"reason_name\":\"分区:日常\"},{\"reason_id\":3,\"reason_name\":\"标签:手工\"},{\"reason_id\":1,\"reason_name\":\"不感兴趣\"}],\"ctime\":1615284244,\"autoplay\":1,\"mid\":2200736,\"name\":\"才疏学浅的才浅\",\"face\":\"http://i2.hdslb.com/bfs/face/1f4819b224cd882025a9a6a5f2c6680c332f37bc.jpg\",\"official\":{\"role\":1,\"title\":\"bilibili 2020百大UP主、 知名UP主\"}},{\"title\":\"15分钟全身解压拉伸瑜伽｜7天瘦身｜0基础、改善腰酸背疼、肩颈酸痛，改善腰臀腿线条、增加柔韧性【周六野Zoey】\",\"cover\":\"https://i1.hdslb.com/bfs/archive/61cc067ef8f7ada60be5d7e5ea77519013a4a786.jpg\",\"uri\":\"bilibili://video/416880655\",\"param\":\"416880655\",\"goto\":\"av\",\"desc\":\"617弹幕\",\"play\":172489,\"danmaku\":617,\"reply\":589,\"favorite\":25453,\"coin\":4357,\"share\":2166,\"like\":11638,\"duration\":1007,\"idx\":1615297879,\"cid\":305198662,\"tid\":164,\"tname\":\"健身\",\"tag\":{\"tag_id\":1513253,\"tag_name\":\"瘦身塑形\",\"count\":{\"atten\":294869}},\"dislike_reasons\":[{\"reason_id\":4,\"reason_name\":\"UP主:周六野Zoey\"},{\"reason_id\":2,\"reason_name\":\"分区:健身\"},{\"reason_id\":3,\"reason_name\":\"标签:瘦身塑形\"},{\"reason_id\":1,\"reason_name\":\"不感兴趣\"}],\"ctime\":1614696180,\"autoplay\":1,\"mid\":62540916,\"name\":\"周六野Zoey\",\"face\":\"http://i0.hdslb.com/bfs/face/3343a1a609d95c669671b0b4e57484708fb6760c.jpg\",\"official\":{\"role\":1,\"title\":\"bilibili 2020百大UP主、知名UP主\"}},{\"title\":\"梅根称英王室曾担心阿尔奇肤色太深 CNN：全世界都在吃瓜\",\"cover\":\"https://i0.hdslb.com/bfs/archive/bf58209c129663f51675fe5e0ca034856cee01fb.jpg\",\"uri\":\"bilibili://video/587008854\",\"param\":\"587008854\",\"goto\":\"av\",\"desc\":\"771弹幕\",\"play\":174939,\"danmaku\":771,\"reply\":1311,\"favorite\":636,\"coin\":885,\"share\":279,\"like\":15639,\"duration\":101,\"idx\":1615297878,\"cid\":307663669,\"tid\":204,\"tname\":\"环球\",\"tag\":{\"tag_id\":557792,\"tag_name\":\"英国王室\",\"count\":{\"atten\":99}},\"dislike_reasons\":[{\"reason_id\":4,\"reason_name\":\"UP主:观察者网\"},{\"reason_id\":2,\"reason_name\":\"分区:环球\"},{\"reason_id\":3,\"reason_name\":\"标签:英国王室\"},{\"reason_id\":1,\"reason_name\":\"不感兴趣\"}],\"ctime\":1615202106,\"autoplay\":1,\"mid\":10330740,\"name\":\"观察者网\",\"face\":\"http://i0.hdslb.com/bfs/face/1d6f100b921c9b48914eda8f3b37e76ba9ef4ca5.jpg\",\"official\":{\"role\":5,\"title\":\"观察者网 官方账号\"}},{\"title\":\"[威神V/WayV] 威神V(WayV) 《秘境 (Kick Back)》 MV Teaser\",\"cover\":\"https://i1.hdslb.com/bfs/archive/528839af0156873ac2b8f5e898022049133768ca.jpg\",\"uri\":\"bilibili://video/289559559\",\"param\":\"289559559\",\"goto\":\"av\",\"desc\":\"296弹幕\",\"play\":33774,\"danmaku\":296,\"reply\":792,\"favorite\":1375,\"coin\":4574,\"share\":474,\"like\":6683,\"duration\":20,\"idx\":1615297877,\"cid\":308073625,\"tid\":193,\"tname\":\"MV\",\"tag\":{\"tag_id\":7744030,\"tag_name\":\"肖俊\",\"count\":{\"atten\":2521}},\"dislike_reasons\":[{\"reason_id\":4,\"reason_name\":\"UP主:WayV_official\"},{\"reason_id\":2,\"reason_name\":\"分区:MV\"},{\"reason_id\":3,\"reason_name\":\"标签:肖俊\"},{\"reason_id\":1,\"reason_name\":\"不感兴趣\"}],\"ctime\":1615284878,\"autoplay\":1,\"mid\":580331305,\"name\":\"WayV_official\",\"face\":\"http://i1.hdslb.com/bfs/face/456260d967bc61c9b7da7110ea67d2cc0f7d3ff3.jpg\",\"official\":{\"role\":2,\"title\":\"男子组合威神V官方账号\",\"desc\":\"Label V旗下艺人\"}},{\"title\":\"【山河令】顶级眼神戏就是这样的吗？我磕晕了！\",\"cover\":\"https://i0.hdslb.com/bfs/archive/6721a5b38234007b2118c781bee6feaf107854d8.jpg\",\"uri\":\"bilibili://video/204508665\",\"param\":\"204508665\",\"goto\":\"av\",\"desc\":\"1641弹幕\",\"play\":60358,\"danmaku\":1641,\"reply\":687,\"favorite\":1127,\"coin\":3407,\"share\":327,\"like\":16194,\"duration\":791,\"idx\":1615297876,\"cid\":307981680,\"tid\":182,\"tname\":\"影视杂谈\",\"tag\":{\"tag_id\":1742,\"tag_name\":\"生活\",\"count\":{\"atten\":201235}},\"dislike_reasons\":[{\"reason_id\":4,\"reason_name\":\"UP主:网不红萌叔Joey\"},{\"reason_id\":2,\"reason_name\":\"分区:影视杂谈\"},{\"reason_id\":3,\"reason_name\":\"标签:生活\"},{\"reason_id\":1,\"reason_name\":\"不感兴趣\"}],\"ctime\":1615283460,\"autoplay\":1,\"mid\":42870908,\"name\":\"网不红萌叔Joey\",\"face\":\"http://i1.hdslb.com/bfs/face/ddf4578adb440cb283dff8594b8e68b0e8d0ba23.jpg\",\"official\":{\"role\":1,\"title\":\"bilibili 知名UP主\"}},{\"title\":\"你们要的自动剪辑器我做好了！支持FCPX，PR，达芬奇还能根据字幕来分割电影导出片段\",\"cover\":\"https://i1.hdslb.com/bfs/archive/16fe37d3229373c078aa871b5ede26483650f6b8.jpg\",\"uri\":\"bilibili://video/417075239\",\"param\":\"417075239\",\"goto\":\"av\",\"desc\":\"611弹幕\",\"play\":283298,\"danmaku\":611,\"reply\":867,\"favorite\":40621,\"coin\":31949,\"share\":2117,\"like\":32422,\"duration\":273,\"idx\":1615297875,\"cid\":306751537,\"tid\":190,\"tname\":\"摄影摄像\",\"tag\":{\"tag_id\":16906,\"tag_name\":\"数码\",\"count\":{\"atten\":287246}},\"dislike_reasons\":[{\"reason_id\":4,\"reason_name\":\"UP主:视频大拍档\"},{\"reason_id\":2,\"reason_name\":\"分区:摄影摄像\"},{\"reason_id\":3,\"reason_name\":\"标签:数码\"},{\"reason_id\":1,\"reason_name\":\"不感兴趣\"}],\"ctime\":1615024035,\"autoplay\":1,\"mid\":110974,\"name\":\"视频大拍档\",\"face\":\"http://i0.hdslb.com/bfs/face/4203adc619410acf170a93ecdf98c7cd5ce03c65.jpg\",\"official\":{\"role\":1,\"title\":\"bilibili 知名科技UP主\"}},{\"title\":\"帕梅拉 - 10min 最佳HIIT训练| HIIT高光合集 高效全身燃脂 (Pamela Reif Official)\",\"cover\":\"https://i1.hdslb.com/bfs/archive/72ef508b95f9c99a51307e637c437a3c46c033a9.jpg\",\"uri\":\"bilibili://video/756880891\",\"param\":\"756880891\",\"goto\":\"av\",\"desc\":\"777弹幕\",\"play\":290902,\"danmaku\":777,\"reply\":589,\"favorite\":27525,\"coin\":3353,\"share\":2571,\"like\":11031,\"duration\":620,\"idx\":1615297874,\"cid\":305713690,\"tid\":164,\"tname\":\"健身\",\"tag\":{\"tag_id\":41103,\"tag_name\":\"体育\",\"count\":{\"atten\":197724}},\"dislike_reasons\":[{\"reason_id\":4,\"reason_name\":\"UP主:帕梅拉PamelaReif\"},{\"reason_id\":2,\"reason_name\":\"分区:健身\"},{\"reason_id\":3,\"reason_name\":\"标签:体育\"},{\"reason_id\":1,\"reason_name\":\"不感兴趣\"}],\"ctime\":1614828600,\"autoplay\":1,\"mid\":604003146,\"name\":\"帕梅拉PamelaReif\",\"face\":\"http://i0.hdslb.com/bfs/face/95823274c36951a15ca12e3b05078859c536f4a4.jpg\",\"official\":{\"role\":2,\"title\":\"PamelaReif官方账号，bilibili 2020百大UP主、健身UP主\"}}]"},"ts":1615297882427}