{"options":{"awareOfChrome":false,"check_for_updates":true,"comment":null,"compat_arrayleft":false,"compat_foreach":false,"compat_forvarin":false,"compat_metadata":false,"compat_uW_gmonkey":false,"compat_wrappedjsobject":false,"compatopts_for_requires":true,"noframes":null,"override":{"merge_connects":true,"merge_excludes":true,"merge_includes":true,"merge_matches":true,"orig_connects":["raw.githubusercontent.com","cdn.jsdelivr.net","cn.bing.com","www.bing.com","translate.google.cn","translate.google.com","*"],"orig_excludes":["*://*.bilibili.com/*/mobile.html","*://*.bilibili.com/api/*","*://api.bilibili.com/*","*://api.*.bilibili.com/*","*://live.bilibili.com/h5/*","*://live.bilibili.com/*/h5/*","*://m.bilibili.com/*","*://mall.bilibili.com/*","*://member.bilibili.com/studio/bs-editor/*","*://www.bilibili.com/h5/*","*://www.bilibili.com/*/h5/*"],"orig_includes":[],"orig_matches":["*://*.bilibili.com/*"],"orig_noframes":null,"orig_run_at":"document-start","use_blockers":[],"use_connects":[],"use_excludes":[],"use_includes":[],"use_matches":[]},"run_at":null},"settings":{"enabled":true,"position":27},"meta":{"name":"Bilibili Evolved (Preview)","uuid":"36b182ce-c3ea-4744-b30b-28efa4d4dab1","modified":1614794585550,"file_url":"https://cdn.jsdelivr.net/gh/the1812/Bilibili-Evolved@preview/bilibili-evolved.preview.user.js"}}