{"options":{"awareOfChrome":false,"check_for_updates":false,"comment":null,"compat_arrayleft":false,"compat_foreach":false,"compat_forvarin":false,"compat_metadata":false,"compat_uW_gmonkey":false,"compat_wrappedjsobject":false,"compatopts_for_requires":true,"noframes":null,"override":{"merge_connects":true,"merge_excludes":true,"merge_includes":true,"merge_matches":true,"orig_connects":["e-hentai.org"],"orig_excludes":[],"orig_includes":[],"orig_matches":["*://*.hentaiverse.org/?s=Battle","*://*.hentaiverse.org/isekai/?s=Battle"],"orig_noframes":null,"orig_run_at":"document-end","use_blockers":[],"use_connects":[],"use_excludes":[],"use_includes":[],"use_matches":[]},"run_at":null},"settings":{"enabled":true,"position":23},"meta":{"name":"HV Utils URL","uuid":"86bd5c3a-3bd2-4f11-812c-54cb134c8c92","modified":1613485820280}}