{"options":{"awareOfChrome":false,"check_for_updates":false,"comment":null,"compat_arrayleft":false,"compat_foreach":false,"compat_forvarin":false,"compat_metadata":false,"compat_uW_gmonkey":false,"compat_wrappedjsobject":false,"compatopts_for_requires":true,"noframes":null,"override":{"merge_connects":true,"merge_excludes":true,"merge_includes":true,"merge_matches":true,"orig_excludes":[],"orig_includes":[],"orig_matches":["http*://store.steampowered.com/*"],"orig_noframes":null,"orig_run_at":"document-idle","use_blockers":[],"use_connects":[],"use_excludes":[],"use_includes":[],"use_matches":[]},"run_at":null},"settings":{"enabled":true,"position":20},"meta":{"name":"Steam store wants_mature_content","uuid":"a37ce26d-c725-416f-bc68-8e747b6fd2aa","modified":1604593892759,"file_url":"https://greasyfork.org/scripts/381339-steam-store-wants-mature-content/code/Steam%20store%20wants_mature_content.user.js"}}