{"autoReload":true,"configMode":100,"debug":false,"external_update_interval":1,"favicon_service":"google","i18n":"zh_CN","layout":"default#darker","layout_user_css":"","notification_showUpdate":"changelog","reset_sync":null,"runtime_inject_mode":"instant","scriptUpdateCheckDisabled":true,"scriptUpdateCheckPeriod":21600000,"script_blacklist_server":[{"rules":["/https?:\\/\\/userscripts\\.org\\/scripts\\/(source|version)/(102614).*\\.user\\.js/"],"severity":"2"},{"name":"SaveFrom.net helper","reason":"Shows advertisements","rules":["/https?:\\/\\/sf-addon\\.com\\/.*\\/.*\\.user\\.js/","/https?:\\/\\/.*\\.sf-helper\\.com\\/.*\\.user\\.js/"],"severity":"3"},{"reasons":{"en":"Used for a phishing compain to compromise users of baon-nutrition.com"},"rules":["/https?:\\/\\/files\\.ulysse\\.travel\\/.*\\.user\\.js/"],"severity":"8"}],"sync_enabled":true,"sync_type":"2"}