{"options":{"awareOfChrome":false,"check_for_updates":true,"comment":null,"compat_arrayleft":false,"compat_foreach":false,"compat_forvarin":false,"compat_metadata":false,"compat_uW_gmonkey":false,"compat_wrappedjsobject":false,"compatopts_for_requires":true,"noframes":null,"override":{"merge_connects":true,"merge_excludes":true,"merge_includes":true,"merge_matches":true,"orig_connects":[],"orig_excludes":[],"orig_includes":["/https?:\\/\\/live\\.bilibili\\.com\\/(blanc\\/)?\\d+\\??.*/"],"orig_matches":[],"orig_noframes":null,"orig_run_at":"document-idle","use_blockers":[],"use_connects":["darkflame.ga"],"use_excludes":[],"use_includes":[],"use_matches":[]},"run_at":null},"settings":{"enabled":true,"position":26},"meta":{"name":"斗虫数据直播间可视化","uuid":"1055b462-764d-424e-a054-6ce11f4b971a","modified":1610871143401,"file_url":"https://greasyfork.org/scripts/416768-%E6%96%97%E8%99%AB%E6%95%B0%E6%8D%AE%E7%9B%B4%E6%92%AD%E9%97%B4%E5%8F%AF%E8%A7%86%E5%8C%96/code/%E6%96%97%E8%99%AB%E6%95%B0%E6%8D%AE%E7%9B%B4%E6%92%AD%E9%97%B4%E5%8F%AF%E8%A7%86%E5%8C%96.user.js"}}