{"options":{"awareOfChrome":false,"check_for_updates":true,"comment":null,"compat_arrayleft":false,"compat_foreach":false,"compat_forvarin":false,"compat_metadata":false,"compat_uW_gmonkey":false,"compat_wrappedjsobject":false,"compatopts_for_requires":true,"noframes":null,"override":{"merge_connects":true,"merge_excludes":true,"merge_includes":true,"merge_matches":true,"orig_excludes":[],"orig_includes":["http*://*taobao.com/*"],"orig_matches":[],"orig_noframes":null,"orig_run_at":"document-idle","use_blockers":[],"use_connects":[],"use_excludes":[],"use_includes":[],"use_matches":[]},"run_at":null},"settings":{"enabled":true,"position":18},"meta":{"name":"淘口令解析","uuid":"ba9cb139-16d3-42fc-989a-339a23a98fd6","modified":1602089583377,"file_url":"https://greasyfork.org/scripts/411432-%E6%B7%98%E5%8F%A3%E4%BB%A4%E8%A7%A3%E6%9E%90/code/%E6%B7%98%E5%8F%A3%E4%BB%A4%E8%A7%A3%E6%9E%90.user.js"}}