{"options":{"awareOfChrome":false,"check_for_updates":false,"comment":null,"compat_arrayleft":false,"compat_foreach":false,"compat_forvarin":false,"compat_metadata":false,"compat_uW_gmonkey":false,"compat_wrappedjsobject":false,"compatopts_for_requires":true,"noframes":null,"override":{"merge_connects":true,"merge_excludes":true,"merge_includes":true,"merge_matches":true,"orig_connects":[],"orig_excludes":[],"orig_includes":["/https?:\\/\\/live\\.bilibili\\.com\\/?\\??.*/","/https?:\\/\\/live\\.bilibili\\.com\\/\\d+\\??.*/","/https?:\\/\\/live\\.bilibili\\.com\\/(blanc\\/)?\\d+\\??.*/"],"orig_matches":[],"orig_noframes":null,"orig_run_at":"document-idle","use_blockers":[],"use_connects":[],"use_excludes":[],"use_includes":[],"use_matches":[]},"run_at":null},"settings":{"enabled":true,"position":21},"meta":{"name":"防止B站直播在后台自动暂停","uuid":"51e229f0-f275-4737-adb8-7e95941aa856","modified":1607097557643}}